month,,3,4,5,6,7,8,9,sum
exceedance,,50,50,50,50,50,50,50,50
year,month,,,,,,,,
1951,3,208.6581935664882,248.41700852136398,359.4293208064272,227.02378712063748,26.794780431032958,3.7494437556709457,3.5387939870834497,1077.611328188704
1951,4,208.6581935664882,248.41700852136398,359.4293208064272,227.02378712063748,26.794780431032958,3.7494437556709457,3.5387939870834497,1077.611328188704
1951,5,208.6581935664882,248.41700852136398,359.4293208064272,227.02378712063748,26.794780431032958,3.7494437556709457,3.5387939870834497,1077.611328188704
1951,6,208.6581935664882,248.41700852136398,359.4293208064272,227.02378712063748,26.794780431032958,3.7494437556709457,3.5387939870834497,1077.611328188704
1951,7,208.6581935664882,248.41700852136398,359.4293208064272,227.02378712063748,26.794780431032958,3.7494437556709457,3.5387939870834497,1077.611328188704
1951,8,208.6581935664882,248.41700852136398,359.4293208064272,227.02378712063748,26.794780431032958,3.7494437556709457,3.5387939870834497,1077.611328188704
1951,9,208.6581935664882,248.41700852136398,359.4293208064272,227.02378712063748,26.794780431032958,3.7494437556709457,3.5387939870834497,1077.611328188704
1952,3,157.9688470641038,356.89245544472675,738.6816507816793,417.22557401959267,225.3485231699893,43.76799825066993,8.407817206447772,1948.2928659372096
1952,4,157.9688470641038,356.89245544472675,738.6816507816793,417.22557401959267,225.3485231699893,43.76799825066993,8.407817206447772,1948.2928659372096
1952,5,157.9688470641038,356.89245544472675,738.6816507816793,417.22557401959267,225.3485231699893,43.76799825066993,8.407817206447772,1948.2928659372096
1952,6,157.9688470641038,356.89245544472675,738.6816507816793,417.22557401959267,225.3485231699893,43.76799825066993,8.407817206447772,1948.2928659372096
1952,7,157.9688470641038,356.89245544472675,738.6816507816793,417.22557401959267,225.3485231699893,43.76799825066993,8.407817206447772,1948.2928659372096
1952,8,157.9688470641038,356.89245544472675,738.6816507816793,417.22557401959267,225.3485231699893,43.76799825066993,8.407817206447772,1948.2928659372096
1952,9,157.9688470641038,356.89245544472675,738.6816507816793,417.22557401959267,225.3485231699893,43.76799825066993,8.407817206447772,1948.2928659372096
1953,3,85.4503113081646,189.566652830011,188.49841798524025,292.40503957514414,143.75836870151227,8.050174093744742,4.28052292897011,912.0094874227871
1953,4,85.4503113081646,189.566652830011,188.49841798524025,292.40503957514414,143.75836870151227,8.050174093744742,4.28052292897011,912.0094874227871
1953,5,85.4503113081646,189.566652830011,188.49841798524025,292.40503957514414,143.75836870151227,8.050174093744742,4.28052292897011,912.0094874227871
1953,6,85.4503113081646,189.566652830011,188.49841798524025,292.40503957514414,143.75836870151227,8.050174093744742,4.28052292897011,912.0094874227871
1953,7,85.4503113081646,189.566652830011,188.49841798524025,292.40503957514414,143.75836870151227,8.050174093744742,4.28052292897011,912.0094874227871
1953,8,85.4503113081646,189.566652830011,188.49841798524025,292.40503957514414,143.75836870151227,8.050174093744742,4.28052292897011,912.0094874227871
1953,9,85.4503113081646,189.566652830011,188.49841798524025,292.40503957514414,143.75836870151227,8.050174093744742,4.28052292897011,912.0094874227871
1954,3,196.6234927180291,312.67658999531943,305.72697922688565,58.21323429562119,5.894971838982294,2.644488737483198,3.4779231137667157,885.2576799260876
1954,4,196.6234927180291,312.67658999531943,305.72697922688565,58.21323429562119,5.894971838982294,2.644488737483198,3.4779231137667157,885.2576799260876
1954,5,196.6234927180291,312.67658999531943,305.72697922688565,58.21323429562119,5.894971838982294,2.644488737483198,3.4779231137667157,885.2576799260876
1954,6,196.6234927180291,312.67658999531943,305.72697922688565,58.21323429562119,5.894971838982294,2.644488737483198,3.4779231137667157,885.2576799260876
1954,7,196.6234927180291,312.67658999531943,305.72697922688565,58.21323429562119,5.894971838982294,2.644488737483198,3.4779231137667157,885.2576799260876
1954,8,196.6234927180291,312.67658999531943,305.72697922688565,58.21323429562119,5.894971838982294,2.644488737483198,3.4779231137667157,885.2576799260876
1954,9,196.6234927180291,312.67658999531943,305.72697922688565,58.21323429562119,5.894971838982294,2.644488737483198,3.4779231137667157,885.2576799260876
1955,3,63.07364675778676,83.67939211326379,220.45947243729742,243.32799089064943,31.597987355208847,3.3601185223019354,3.882473909302824,649.381081985811
1955,4,63.07364675778676,83.67939211326379,220.45947243729742,243.32799089064943,31.597987355208847,3.3601185223019354,3.882473909302824,649.381081985811
1955,5,63.07364675778676,83.67939211326379,220.45947243729742,243.32799089064943,31.597987355208847,3.3601185223019354,3.882473909302824,649.381081985811
1955,6,63.07364675778676,83.67939211326379,220.45947243729742,243.32799089064943,31.597987355208847,3.3601185223019354,3.882473909302824,649.381081985811
1955,7,63.07364675778676,83.67939211326379,220.45947243729742,243.32799089064943,31.597987355208847,3.3601185223019354,3.882473909302824,649.381081985811
1955,8,63.07364675778676,83.67939211326379,220.45947243729742,243.32799089064943,31.597987355208847,3.3601185223019354,3.882473909302824,649.381081985811
1955,9,63.07364675778676,83.67939211326379,220.45947243729742,243.32799089064943,31.597987355208847,3.3601185223019354,3.882473909302824,649.381081985811
1956,3,113.31684258431793,205.8743362568674,552.2394588371712,526.7285397773571,191.06986698657934,42.67912251775134,19.78045716634617,1651.6886241263906
1956,4,113.31684258431793,205.8743362568674,552.2394588371712,526.7285397773571,191.06986698657934,42.67912251775134,19.78045716634617,1651.6886241263906
1956,5,113.31684258431793,205.8743362568674,552.2394588371712,526.7285397773571,191.06986698657934,42.67912251775134,19.78045716634617,1651.6886241263906
1956,6,113.31684258431793,205.8743362568674,552.2394588371712,526.7285397773571,191.06986698657934,42.67912251775134,19.78045716634617,1651.6886241263906
1956,7,113.31684258431793,205.8743362568674,552.2394588371712,526.7285397773571,191.06986698657934,42.67912251775134,19.78045716634617,1651.6886241263906
1956,8,113.31684258431793,205.8743362568674,552.2394588371712,526.7285397773571,191.06986698657934,42.67912251775134,19.78045716634617,1651.6886241263906
1956,9,113.31684258431793,205.8743362568674,552.2394588371712,526.7285397773571,191.06986698657934,42.67912251775134,19.78045716634617,1651.6886241263906
1957,3,159.5095990218362,173.20592033708377,313.2822864486608,265.119477855563,20.12483853846723,3.1154091134338078,3.861797707498736,938.2193290225434
1957,4,159.5095990218362,173.20592033708377,313.2822864486608,265.119477855563,20.12483853846723,3.1154091134338078,3.861797707498736,938.2193290225434
1957,5,159.5095990218362,173.20592033708377,313.2822864486608,265.119477855563,20.12483853846723,3.1154091134338078,3.861797707498736,938.2193290225434
1957,6,159.5095990218362,173.20592033708377,313.2822864486608,265.119477855563,20.12483853846723,3.1154091134338078,3.861797707498736,938.2193290225434
1957,7,159.5095990218362,173.20592033708377,313.2822864486608,265.119477855563,20.12483853846723,3.1154091134338078,3.861797707498736,938.2193290225434
1957,8,159.5095990218362,173.20592033708377,313.2822864486608,265.119477855563,20.12483853846723,3.1154091134338078,3.861797707498736,938.2193290225434
1957,9,159.5095990218362,173.20592033708377,313.2822864486608,265.119477855563,20.12483853846723,3.1154091134338078,3.861797707498736,938.2193290225434
1958,3,255.03886777324735,466.59565325860143,681.1402262540274,324.6743712309489,78.69517056919358,6.709122888026315,6.210491048236319,1819.0639030222812
1958,4,255.03886777324735,466.59565325860143,681.1402262540274,324.6743712309489,78.69517056919358,6.709122888026315,6.210491048236319,1819.0639030222812
1958,5,255.03886777324735,466.59565325860143,681.1402262540274,324.6743712309489,78.69517056919358,6.709122888026315,6.210491048236319,1819.0639030222812
1958,6,255.03886777324735,466.59565325860143,681.1402262540274,324.6743712309489,78.69517056919358,6.709122888026315,6.210491048236319,1819.0639030222812
1958,7,255.03886777324735,466.59565325860143,681.1402262540274,324.6743712309489,78.69517056919358,6.709122888026315,6.210491048236319,1819.0639030222812
1958,8,255.03886777324735,466.59565325860143,681.1402262540274,324.6743712309489,78.69517056919358,6.709122888026315,6.210491048236319,1819.0639030222812
1958,9,255.03886777324735,466.59565325860143,681.1402262540274,324.6743712309489,78.69517056919358,6.709122888026315,6.210491048236319,1819.0639030222812
1959,3,126.67184116457422,198.19427235267003,94.95940903431811,12.528585503913805,2.154171499167063,2.591234659511431,62.9993445070213,500.09885872117593
1959,4,126.67184116457422,198.19427235267003,94.95940903431811,12.528585503913805,2.154171499167063,2.591234659511431,62.9993445070213,500.09885872117593
1959,5,126.67184116457422,198.19427235267003,94.95940903431811,12.528585503913805,2.154171499167063,2.591234659511431,62.9993445070213,500.09885872117593
1959,6,126.67184116457422,198.19427235267003,94.95940903431811,12.528585503913805,2.154171499167063,2.591234659511431,62.9993445070213,500.09885872117593
1959,7,126.67184116457422,198.19427235267003,94.95940903431811,12.528585503913805,2.154171499167063,2.591234659511431,62.9993445070213,500.09885872117593
1959,8,126.67184116457422,198.19427235267003,94.95940903431811,12.528585503913805,2.154171499167063,2.591234659511431,62.9993445070213,500.09885872117593
1959,9,126.67184116457422,198.19427235267003,94.95940903431811,12.528585503913805,2.154171499167063,2.591234659511431,62.9993445070213,500.09885872117593
1960,3,104.70759667310291,218.12870630732291,218.31233378671442,64.00165005778943,2.5813488135183436,2.4155332729196206,3.7490292685105904,613.8961981798784
1960,4,104.70759667310291,218.12870630732291,218.31233378671442,64.00165005778943,2.5813488135183436,2.4155332729196206,3.7490292685105904,613.8961981798784
1960,5,104.70759667310291,218.12870630732291,218.31233378671442,64.00165005778943,2.5813488135183436,2.4155332729196206,3.7490292685105904,613.8961981798784
1960,6,104.70759667310291,218.12870630732291,218.31233378671442,64.00165005778943,2.5813488135183436,2.4155332729196206,3.7490292685105904,613.8961981798784
1960,7,104.70759667310291,218.12870630732291,218.31233378671442,64.00165005778943,2.5813488135183436,2.4155332729196206,3.7490292685105904,613.8961981798784
1960,8,104.70759667310291,218.12870630732291,218.31233378671442,64.00165005778943,2.5813488135183436,2.4155332729196206,3.7490292685105904,613.8961981798784
1960,9,104.70759667310291,218.12870630732291,218.31233378671442,64.00165005778943,2.5813488135183436,2.4155332729196206,3.7490292685105904,613.8961981798784
1961,3,42.004441391607386,90.16304729737939,110.48737994539894,73.36661024588676,4.086507382932036,4.202268534151271,9.638221405679506,333.94847620303534
1961,4,42.004441391607386,90.16304729737939,110.48737994539894,73.36661024588676,4.086507382932036,4.202268534151271,9.638221405679506,333.94847620303534
1961,5,42.004441391607386,90.16304729737939,110.48737994539894,73.36661024588676,4.086507382932036,4.202268534151271,9.638221405679506,333.94847620303534
1961,6,42.004441391607386,90.16304729737939,110.48737994539894,73.36661024588676,4.086507382932036,4.202268534151271,9.638221405679506,333.94847620303534
1961,7,42.004441391607386,90.16304729737939,110.48737994539894,73.36661024588676,4.086507382932036,4.202268534151271,9.638221405679506,333.94847620303534
1961,8,42.004441391607386,90.16304729737939,110.48737994539894,73.36661024588676,4.086507382932036,4.202268534151271,9.638221405679506,333.94847620303534
1961,9,42.004441391607386,90.16304729737939,110.48737994539894,73.36661024588676,4.086507382932036,4.202268534151271,9.638221405679506,333.94847620303534
1962,3,129.33535748756853,362.9040495813882,288.7513421150598,218.330606259691,47.81955162165194,3.7628404022953443,4.151250605806978,1055.0549980734618
1962,4,129.33535748756853,362.9040495813882,288.7513421150598,218.330606259691,47.81955162165194,3.7628404022953443,4.151250605806978,1055.0549980734618
1962,5,129.33535748756853,362.9040495813882,288.7513421150598,218.330606259691,47.81955162165194,3.7628404022953443,4.151250605806978,1055.0549980734618
1962,6,129.33535748756853,362.9040495813882,288.7513421150598,218.330606259691,47.81955162165194,3.7628404022953443,4.151250605806978,1055.0549980734618
1962,7,129.33535748756853,362.9040495813882,288.7513421150598,218.330606259691,47.81955162165194,3.7628404022953443,4.151250605806978,1055.0549980734618
1962,8,129.33535748756853,362.9040495813882,288.7513421150598,218.330606259691,47.81955162165194,3.7628404022953443,4.151250605806978,1055.0549980734618
1962,9,129.33535748756853,362.9040495813882,288.7513421150598,218.330606259691,47.81955162165194,3.7628404022953443,4.151250605806978,1055.0549980734618
1963,3,98.97356773632501,326.7321222589617,461.38363261345535,273.7849106328865,67.35098240252185,5.083496221584125,6.339594991542004,1239.6483068572766
1963,4,98.97356773632501,326.7321222589617,461.38363261345535,273.7849106328865,67.35098240252185,5.083496221584125,6.339594991542004,1239.6483068572766
1963,5,98.97356773632501,326.7321222589617,461.38363261345535,273.7849106328865,67.35098240252185,5.083496221584125,6.339594991542004,1239.6483068572766
1963,6,98.97356773632501,326.7321222589617,461.38363261345535,273.7849106328865,67.35098240252185,5.083496221584125,6.339594991542004,1239.6483068572766
1963,7,98.97356773632501,326.7321222589617,461.38363261345535,273.7849106328865,67.35098240252185,5.083496221584125,6.339594991542004,1239.6483068572766
1963,8,98.97356773632501,326.7321222589617,461.38363261345535,273.7849106328865,67.35098240252185,5.083496221584125,6.339594991542004,1239.6483068572766
1963,9,98.97356773632501,326.7321222589617,461.38363261345535,273.7849106328865,67.35098240252185,5.083496221584125,6.339594991542004,1239.6483068572766
1964,3,68.92988824005505,153.57019601957808,219.02907780854954,121.9326770615331,12.001357774424136,3.0475935287261318,4.523983535626306,583.0347739684923
1964,4,68.92988824005505,153.57019601957808,219.02907780854954,121.9326770615331,12.001357774424136,3.0475935287261318,4.523983535626306,583.0347739684923
1964,5,68.92988824005505,153.57019601957808,219.02907780854954,121.9326770615331,12.001357774424136,3.0475935287261318,4.523983535626306,583.0347739684923
1964,6,68.92988824005505,153.57019601957808,219.02907780854954,121.9326770615331,12.001357774424136,3.0475935287261318,4.523983535626306,583.0347739684923
1964,7,68.92988824005505,153.57019601957808,219.02907780854954,121.9326770615331,12.001357774424136,3.0475935287261318,4.523983535626306,583.0347739684923
1964,8,68.92988824005505,153.57019601957808,219.02907780854954,121.9326770615331,12.001357774424136,3.0475935287261318,4.523983535626306,583.0347739684923
1964,9,68.92988824005505,153.57019601957808,219.02907780854954,121.9326770615331,12.001357774424136,3.0475935287261318,4.523983535626306,583.0347739684923
1965,3,120.39334373948726,258.13538210449923,341.4484751663677,376.38867923731937,152.8909351730754,34.82586655784244,7.859333816238629,1291.9420157948298
1965,4,120.39334373948726,258.13538210449923,341.4484751663677,376.38867923731937,152.8909351730754,34.82586655784244,7.859333816238629,1291.9420157948298
1965,5,120.39334373948726,258.13538210449923,341.4484751663677,376.38867923731937,152.8909351730754,34.82586655784244,7.859333816238629,1291.9420157948298
1965,6,120.39334373948726,258.13538210449923,341.4484751663677,376.38867923731937,152.8909351730754,34.82586655784244,7.859333816238629,1291.9420157948298
1965,7,120.39334373948726,258.13538210449923,341.4484751663677,376.38867923731937,152.8909351730754,34.82586655784244,7.859333816238629,1291.9420157948298
1965,8,120.39334373948726,258.13538210449923,341.4484751663677,376.38867923731937,152.8909351730754,34.82586655784244,7.859333816238629,1291.9420157948298
1965,9,120.39334373948726,258.13538210449923,341.4484751663677,376.38867923731937,152.8909351730754,34.82586655784244,7.859333816238629,1291.9420157948298
1966,3,95.84488725679283,318.7663176045843,210.17043743458447,21.916501041738346,2.1917831667687717,2.4224158263327125,3.650092068535931,654.9624343993373
1966,4,95.84488725679283,318.7663176045843,210.17043743458447,21.916501041738346,2.1917831667687717,2.4224158263327125,3.650092068535931,654.9624343993373
1966,5,95.84488725679283,318.7663176045843,210.17043743458447,21.916501041738346,2.1917831667687717,2.4224158263327125,3.650092068535931,654.9624343993373
1966,6,95.84488725679283,318.7663176045843,210.17043743458447,21.916501041738346,2.1917831667687717,2.4224158263327125,3.650092068535931,654.9624343993373
1966,7,95.84488725679283,318.7663176045843,210.17043743458447,21.916501041738346,2.1917831667687717,2.4224158263327125,3.650092068535931,654.9624343993373
1966,8,95.84488725679283,318.7663176045843,210.17043743458447,21.916501041738346,2.1917831667687717,2.4224158263327125,3.650092068535931,654.9624343993373
1966,9,95.84488725679283,318.7663176045843,210.17043743458447,21.916501041738346,2.1917831667687717,2.4224158263327125,3.650092068535931,654.9624343993373
1967,3,193.95593214348003,220.51700104230724,474.5829922100963,558.7180515084892,325.32732024572067,47.32886327421599,8.36937222059328,1828.799532644903
1967,4,193.95593214348003,220.51700104230724,474.5829922100963,558.7180515084892,325.32732024572067,47.32886327421599,8.36937222059328,1828.799532644903
1967,5,193.95593214348003,220.51700104230724,474.5829922100963,558.7180515084892,325.32732024572067,47.32886327421599,8.36937222059328,1828.799532644903
1967,6,193.95593214348003,220.51700104230724,474.5829922100963,558.7180515084892,325.32732024572067,47.32886327421599,8.36937222059328,1828.799532644903
1967,7,193.95593214348003,220.51700104230724,474.5829922100963,558.7180515084892,325.32732024572067,47.32886327421599,8.36937222059328,1828.799532644903
1967,8,193.95593214348003,220.51700104230724,474.5829922100963,558.7180515084892,325.32732024572067,47.32886327421599,8.36937222059328,1828.799532644903
1967,9,193.95593214348003,220.51700104230724,474.5829922100963,558.7180515084892,325.32732024572067,47.32886327421599,8.36937222059328,1828.799532644903
1968,3,133.18498606703182,190.513636572974,174.06345355687085,46.34172047577326,2.5416494016825895,4.645423804999726,3.422684404848514,554.7135542841808
1968,4,133.18498606703182,190.513636572974,174.06345355687085,46.34172047577326,2.5416494016825895,4.645423804999726,3.422684404848514,554.7135542841808
1968,5,133.18498606703182,190.513636572974,174.06345355687085,46.34172047577326,2.5416494016825895,4.645423804999726,3.422684404848514,554.7135542841808
1968,6,133.18498606703182,190.513636572974,174.06345355687085,46.34172047577326,2.5416494016825895,4.645423804999726,3.422684404848514,554.7135542841808
1968,7,133.18498606703182,190.513636572974,174.06345355687085,46.34172047577326,2.5416494016825895,4.645423804999726,3.422684404848514,554.7135542841808
1968,8,133.18498606703182,190.513636572974,174.06345355687085,46.34172047577326,2.5416494016825895,4.645423804999726,3.422684404848514,554.7135542841808
1968,9,133.18498606703182,190.513636572974,174.06345355687085,46.34172047577326,2.5416494016825895,4.645423804999726,3.422684404848514,554.7135542841808
1969,3,157.24342748230063,318.71393712146966,739.5648212463892,500.3808995087624,238.87314781728105,58.368414795363236,6.005715384642573,2019.1503633562088
1969,4,157.24342748230063,318.71393712146966,739.5648212463892,500.3808995087624,238.87314781728105,58.368414795363236,6.005715384642573,2019.1503633562088
1969,5,157.24342748230063,318.71393712146966,739.5648212463892,500.3808995087624,238.87314781728105,58.368414795363236,6.005715384642573,2019.1503633562088
1969,6,157.24342748230063,318.71393712146966,739.5648212463892,500.3808995087624,238.87314781728105,58.368414795363236,6.005715384642573,2019.1503633562088
1969,7,157.24342748230063,318.71393712146966,739.5648212463892,500.3808995087624,238.87314781728105,58.368414795363236,6.005715384642573,2019.1503633562088
1969,8,157.24342748230063,318.71393712146966,739.5648212463892,500.3808995087624,238.87314781728105,58.368414795363236,6.005715384642573,2019.1503633562088
1969,9,157.24342748230063,318.71393712146966,739.5648212463892,500.3808995087624,238.87314781728105,58.368414795363236,6.005715384642573,2019.1503633562088
1970,3,189.49276615580607,229.24668610831887,395.0361247129333,188.71067454444432,26.757414062229085,2.930164871407938,3.5615888279211885,1035.7354192830608
1970,4,189.49276615580607,229.24668610831887,395.0361247129333,188.71067454444432,26.757414062229085,2.930164871407938,3.5615888279211885,1035.7354192830608
1970,5,189.49276615580607,229.24668610831887,395.0361247129333,188.71067454444432,26.757414062229085,2.930164871407938,3.5615888279211885,1035.7354192830608
1970,6,189.49276615580607,229.24668610831887,395.0361247129333,188.71067454444432,26.757414062229085,2.930164871407938,3.5615888279211885,1035.7354192830608
1970,7,189.49276615580607,229.24668610831887,395.0361247129333,188.71067454444432,26.757414062229085,2.930164871407938,3.5615888279211885,1035.7354192830608
1970,8,189.49276615580607,229.24668610831887,395.0361247129333,188.71067454444432,26.757414062229085,2.930164871407938,3.5615888279211885,1035.7354192830608
1970,9,189.49276615580607,229.24668610831887,395.0361247129333,188.71067454444432,26.757414062229085,2.930164871407938,3.5615888279211885,1035.7354192830608
1971,3,110.14530929648014,200.37944240937733,205.3273076155636,328.92455171247315,80.86272124409444,4.2302704894469105,5.260465801244246,935.1300685686797
1971,4,110.14530929648014,200.37944240937733,205.3273076155636,328.92455171247315,80.86272124409444,4.2302704894469105,5.260465801244246,935.1300685686797
1971,5,110.14530929648014,200.37944240937733,205.3273076155636,328.92455171247315,80.86272124409444,4.2302704894469105,5.260465801244246,935.1300685686797
1971,6,110.14530929648014,200.37944240937733,205.3273076155636,328.92455171247315,80.86272124409444,4.2302704894469105,5.260465801244246,935.1300685686797
1971,7,110.14530929648014,200.37944240937733,205.3273076155636,328.92455171247315,80.86272124409444,4.2302704894469105,5.260465801244246,935.1300685686797
1971,8,110.14530929648014,200.37944240937733,205.3273076155636,328.92455171247315,80.86272124409444,4.2302704894469105,5.260465801244246,935.1300685686797
1971,9,110.14530929648014,200.37944240937733,205.3273076155636,328.92455171247315,80.86272124409444,4.2302704894469105,5.260465801244246,935.1300685686797
1972,3,145.1149498128703,151.68879676584078,240.40113703334927,79.58922817620623,2.9985429185574706,2.5746405451673353,5.896794688349692,628.2640899403411
1972,4,145.1149498128703,151.68879676584078,240.40113703334927,79.58922817620623,2.9985429185574706,2.5746405451673353,5.896794688349692,628.2640899403411
1972,5,145.1149498128703,151.68879676584078,240.40113703334927,79.58922817620623,2.9985429185574706,2.5746405451673353,5.896794688349692,628.2640899403411
1972,6,145.1149498128703,151.68879676584078,240.40113703334927,79.58922817620623,2.9985429185574706,2.5746405451673353,5.896794688349692,628.2640899403411
1972,7,145.1149498128703,151.68879676584078,240.40113703334927,79.58922817620623,2.9985429185574706,2.5746405451673353,5.896794688349692,628.2640899403411
1972,8,145.1149498128703,151.68879676584078,240.40113703334927,79.58922817620623,2.9985429185574706,2.5746405451673353,5.896794688349692,628.2640899403411
1972,9,145.1149498128703,151.68879676584078,240.40113703334927,79.58922817620623,2.9985429185574706,2.5746405451673353,5.896794688349692,628.2640899403411
1973,3,119.32813719601556,183.78983532193286,528.4873219475717,276.752331355118,22.186338875010737,3.133179122784433,3.602570851887652,1137.2797146703208
1973,4,119.32813719601556,183.78983532193286,528.4873219475717,276.752331355118,22.186338875010737,3.133179122784433,3.602570851887652,1137.2797146703208
1973,5,119.32813719601556,183.78983532193286,528.4873219475717,276.752331355118,22.186338875010737,3.133179122784433,3.602570851887652,1137.2797146703208
1973,6,119.32813719601556,183.78983532193286,528.4873219475717,276.752331355118,22.186338875010737,3.133179122784433,3.602570851887652,1137.2797146703208
1973,7,119.32813719601556,183.78983532193286,528.4873219475717,276.752331355118,22.186338875010737,3.133179122784433,3.602570851887652,1137.2797146703208
1973,8,119.32813719601556,183.78983532193286,528.4873219475717,276.752331355118,22.186338875010737,3.133179122784433,3.602570851887652,1137.2797146703208
1973,9,119.32813719601556,183.78983532193286,528.4873219475717,276.752331355118,22.186338875010737,3.133179122784433,3.602570851887652,1137.2797146703208
1974,3,228.86327913914525,299.04854325814773,556.8973066110508,322.05754513362785,90.33858146541466,4.331938986868174,4.161882700674575,1505.699077294929
1974,4,228.86327913914525,299.04854325814773,556.8973066110508,322.05754513362785,90.33858146541466,4.331938986868174,4.161882700674575,1505.699077294929
1974,5,228.86327913914525,299.04854325814773,556.8973066110508,322.05754513362785,90.33858146541466,4.331938986868174,4.161882700674575,1505.699077294929
1974,6,228.86327913914525,299.04854325814773,556.8973066110508,322.05754513362785,90.33858146541466,4.331938986868174,4.161882700674575,1505.699077294929
1974,7,228.86327913914525,299.04854325814773,556.8973066110508,322.05754513362785,90.33858146541466,4.331938986868174,4.161882700674575,1505.699077294929
1974,8,228.86327913914525,299.04854325814773,556.8973066110508,322.05754513362785,90.33858146541466,4.331938986868174,4.161882700674575,1505.699077294929
1974,9,228.86327913914525,299.04854325814773,556.8973066110508,322.05754513362785,90.33858146541466,4.331938986868174,4.161882700674575,1505.699077294929
1975,3,203.80526545701466,175.0262914525377,527.166007166679,386.3372635175084,78.54579300328973,10.027375550701326,4.836317476492708,1385.7443136242234
1975,4,203.80526545701466,175.0262914525377,527.166007166679,386.3372635175084,78.54579300328973,10.027375550701326,4.836317476492708,1385.7443136242234
1975,5,203.80526545701466,175.0262914525377,527.166007166679,386.3372635175084,78.54579300328973,10.027375550701326,4.836317476492708,1385.7443136242234
1975,6,203.80526545701466,175.0262914525377,527.166007166679,386.3372635175084,78.54579300328973,10.027375550701326,4.836317476492708,1385.7443136242234
1975,7,203.80526545701466,175.0262914525377,527.166007166679,386.3372635175084,78.54579300328973,10.027375550701326,4.836317476492708,1385.7443136242234
1975,8,203.80526545701466,175.0262914525377,527.166007166679,386.3372635175084,78.54579300328973,10.027375550701326,4.836317476492708,1385.7443136242234
1975,9,203.80526545701466,175.0262914525377,527.166007166679,386.3372635175084,78.54579300328973,10.027375550701326,4.836317476492708,1385.7443136242234
1976,3,45.691298655452556,63.96637531624512,100.28009317649779,9.592842874079773,2.341114834163163,16.129607001492502,10.284668825265758,248.28600068319665
1976,4,45.691298655452556,63.96637531624512,100.28009317649779,9.592842874079773,2.341114834163163,16.129607001492502,10.284668825265758,248.28600068319665
1976,5,45.691298655452556,63.96637531624512,100.28009317649779,9.592842874079773,2.341114834163163,16.129607001492502,10.284668825265758,248.28600068319665
1976,6,45.691298655452556,63.96637531624512,100.28009317649779,9.592842874079773,2.341114834163163,16.129607001492502,10.284668825265758,248.28600068319665
1976,7,45.691298655452556,63.96637531624512,100.28009317649779,9.592842874079773,2.341114834163163,16.129607001492502,10.284668825265758,248.28600068319665
1976,8,45.691298655452556,63.96637531624512,100.28009317649779,9.592842874079773,2.341114834163163,16.129607001492502,10.284668825265758,248.28600068319665
1976,9,45.691298655452556,63.96637531624512,100.28009317649779,9.592842874079773,2.341114834163163,16.129607001492502,10.284668825265758,248.28600068319665
1977,3,12.353500498761655,14.437525196659603,30.35057844733438,13.871024711406541,2.3530580947197426,2.449812024677647,4.44734934017219,80.26284831373177
1977,4,12.353500498761655,14.437525196659603,30.35057844733438,13.871024711406541,2.3530580947197426,2.449812024677647,4.44734934017219,80.26284831373177
1977,5,12.353500498761655,14.437525196659603,30.35057844733438,13.871024711406541,2.3530580947197426,2.449812024677647,4.44734934017219,80.26284831373177
1977,6,12.353500498761655,14.437525196659603,30.35057844733438,13.871024711406541,2.3530580947197426,2.449812024677647,4.44734934017219,80.26284831373177
1977,7,12.353500498761655,14.437525196659603,30.35057844733438,13.871024711406541,2.3530580947197426,2.449812024677647,4.44734934017219,80.26284831373177
1977,8,12.353500498761655,14.437525196659603,30.35057844733438,13.871024711406541,2.3530580947197426,2.449812024677647,4.44734934017219,80.26284831373177
1977,9,12.353500498761655,14.437525196659603,30.35057844733438,13.871024711406541,2.3530580947197426,2.449812024677647,4.44734934017219,80.26284831373177
1978,3,359.62936308616315,314.90820157251665,530.0794309418746,413.9207882707871,134.85843338278886,17.779465281710074,42.0334525244562,1813.2091350602968
1978,4,359.62936308616315,314.90820157251665,530.0794309418746,413.9207882707871,134.85843338278886,17.779465281710074,42.0334525244562,1813.2091350602968
1978,5,359.62936308616315,314.90820157251665,530.0794309418746,413.9207882707871,134.85843338278886,17.779465281710074,42.0334525244562,1813.2091350602968
1978,6,359.62936308616315,314.90820157251665,530.0794309418746,413.9207882707871,134.85843338278886,17.779465281710074,42.0334525244562,1813.2091350602968
1978,7,359.62936308616315,314.90820157251665,530.0794309418746,413.9207882707871,134.85843338278886,17.779465281710074,42.0334525244562,1813.2091350602968
1978,8,359.62936308616315,314.90820157251665,530.0794309418746,413.9207882707871,134.85843338278886,17.779465281710074,42.0334525244562,1813.2091350602968
1978,9,359.62936308616315,314.90820157251665,530.0794309418746,413.9207882707871,134.85843338278886,17.779465281710074,42.0334525244562,1813.2091350602968
1979,3,170.663421502241,172.88411114264457,541.3356690787859,223.59574055830927,14.000158199633415,2.8579512033661634,3.5229394412774946,1128.859991126258
1979,4,170.663421502241,172.88411114264457,541.3356690787859,223.59574055830927,14.000158199633415,2.8579512033661634,3.5229394412774946,1128.859991126258
1979,5,170.663421502241,172.88411114264457,541.3356690787859,223.59574055830927,14.000158199633415,2.8579512033661634,3.5229394412774946,1128.859991126258
1979,6,170.663421502241,172.88411114264457,541.3356690787859,223.59574055830927,14.000158199633415,2.8579512033661634,3.5229394412774946,1128.859991126258
1979,7,170.663421502241,172.88411114264457,541.3356690787859,223.59574055830927,14.000158199633415,2.8579512033661634,3.5229394412774946,1128.859991126258
1979,8,170.663421502241,172.88411114264457,541.3356690787859,223.59574055830927,14.000158199633415,2.8579512033661634,3.5229394412774946,1128.859991126258
1979,9,170.663421502241,172.88411114264457,541.3356690787859,223.59574055830927,14.000158199633415,2.8579512033661634,3.5229394412774946,1128.859991126258
1980,3,187.2630852532529,253.31842815445538,358.51418059221425,403.2369391703961,199.19767678523692,30.168379933081845,4.561037767157319,1436.2597276557951
1980,4,187.2630852532529,253.31842815445538,358.51418059221425,403.2369391703961,199.19767678523692,30.168379933081845,4.561037767157319,1436.2597276557951
1980,5,187.2630852532529,253.31842815445538,358.51418059221425,403.2369391703961,199.19767678523692,30.168379933081845,4.561037767157319,1436.2597276557951
1980,6,187.2630852532529,253.31842815445538,358.51418059221425,403.2369391703961,199.19767678523692,30.168379933081845,4.561037767157319,1436.2597276557951
1980,7,187.2630852532529,253.31842815445538,358.51418059221425,403.2369391703961,199.19767678523692,30.168379933081845,4.561037767157319,1436.2597276557951
1980,8,187.2630852532529,253.31842815445538,358.51418059221425,403.2369391703961,199.19767678523692,30.168379933081845,4.561037767157319,1436.2597276557951
1980,9,187.2630852532529,253.31842815445538,358.51418059221425,403.2369391703961,199.19767678523692,30.168379933081845,4.561037767157319,1436.2597276557951
1981,3,75.94337442566216,215.03263945045606,239.96218274871111,42.249442296675156,2.308688151914014,2.3780570898011324,4.129760553280525,582.0041447165002
1981,4,75.94337442566216,215.03263945045606,239.96218274871111,42.249442296675156,2.308688151914014,2.3780570898011324,4.129760553280525,582.0041447165002
1981,5,75.94337442566216,215.03263945045606,239.96218274871111,42.249442296675156,2.308688151914014,2.3780570898011324,4.129760553280525,582.0041447165002
1981,6,75.94337442566216,215.03263945045606,239.96218274871111,42.249442296675156,2.308688151914014,2.3780570898011324,4.129760553280525,582.0041447165002
1981,7,75.94337442566216,215.03263945045606,239.96218274871111,42.249442296675156,2.308688151914014,2.3780570898011324,4.129760553280525,582.0041447165002
1981,8,75.94337442566216,215.03263945045606,239.96218274871111,42.249442296675156,2.308688151914014,2.3780570898011324,4.129760553280525,582.0041447165002
1981,9,75.94337442566216,215.03263945045606,239.96218274871111,42.249442296675156,2.308688151914014,2.3780570898011324,4.129760553280525,582.0041447165002
1982,3,334.6767513704839,537.0044178389508,729.7153547341915,469.3954784789153,164.19309876638775,49.61715442809842,42.22300938422106,2326.825265001248
1982,4,334.6767513704839,537.0044178389508,729.7153547341915,469.3954784789153,164.19309876638775,49.61715442809842,42.22300938422106,2326.825265001248
1982,5,334.6767513704839,537.0044178389508,729.7153547341915,469.3954784789153,164.19309876638775,49.61715442809842,42.22300938422106,2326.825265001248
1982,6,334.6767513704839,537.0044178389508,729.7153547341915,469.3954784789153,164.19309876638775,49.61715442809842,42.22300938422106,2326.825265001248
1982,7,334.6767513704839,537.0044178389508,729.7153547341915,469.3954784789153,164.19309876638775,49.61715442809842,42.22300938422106,2326.825265001248
1982,8,334.6767513704839,537.0044178389508,729.7153547341915,469.3954784789153,164.19309876638775,49.61715442809842,42.22300938422106,2326.825265001248
1982,9,334.6767513704839,537.0044178389508,729.7153547341915,469.3954784789153,164.19309876638775,49.61715442809842,42.22300938422106,2326.825265001248
1983,3,405.9955205973924,204.3525892425221,626.445166323697,771.253350139364,376.3512906594171,220.51220995619246,90.17165508423815,2695.081782002823
1983,4,405.9955205973924,204.3525892425221,626.445166323697,771.253350139364,376.3512906594171,220.51220995619246,90.17165508423815,2695.081782002823
1983,5,405.9955205973924,204.3525892425221,626.445166323697,771.253350139364,376.3512906594171,220.51220995619246,90.17165508423815,2695.081782002823
1983,6,405.9955205973924,204.3525892425221,626.445166323697,771.253350139364,376.3512906594171,220.51220995619246,90.17165508423815,2695.081782002823
1983,7,405.9955205973924,204.3525892425221,626.445166323697,771.253350139364,376.3512906594171,220.51220995619246,90.17165508423815,2695.081782002823
1983,8,405.9955205973924,204.3525892425221,626.445166323697,771.253350139364,376.3512906594171,220.51220995619246,90.17165508423815,2695.081782002823
1983,9,405.9955205973924,204.3525892425221,626.445166323697,771.253350139364,376.3512906594171,220.51220995619246,90.17165508423815,2695.081782002823
1984,3,216.60873694935094,188.4460476102806,511.64223512247423,228.84304248518933,34.97040985358004,2.943822101588727,3.9204288692425355,1187.3747229917064
1984,4,216.60873694935094,188.4460476102806,511.64223512247423,228.84304248518933,34.97040985358004,2.943822101588727,3.9204288692425355,1187.3747229917064
1984,5,216.60873694935094,188.4460476102806,511.64223512247423,228.84304248518933,34.97040985358004,2.943822101588727,3.9204288692425355,1187.3747229917064
1984,6,216.60873694935094,188.4460476102806,511.64223512247423,228.84304248518933,34.97040985358004,2.943822101588727,3.9204288692425355,1187.3747229917064
1984,7,216.60873694935094,188.4460476102806,511.64223512247423,228.84304248518933,34.97040985358004,2.943822101588727,3.9204288692425355,1187.3747229917064
1984,8,216.60873694935094,188.4460476102806,511.64223512247423,228.84304248518933,34.97040985358004,2.943822101588727,3.9204288692425355,1187.3747229917064
1984,9,216.60873694935094,188.4460476102806,511.64223512247423,228.84304248518933,34.97040985358004,2.943822101588727,3.9204288692425355,1187.3747229917064
1985,3,96.82739124868893,302.81308829793295,258.3213589998123,71.02629202570377,2.8446019420361575,2.5355527010912837,16.405286840019695,750.7735720552852
1985,4,96.82739124868893,302.81308829793295,258.3213589998123,71.02629202570377,2.8446019420361575,2.5355527010912837,16.405286840019695,750.7735720552852
1985,5,96.82739124868893,302.81308829793295,258.3213589998123,71.02629202570377,2.8446019420361575,2.5355527010912837,16.405286840019695,750.7735720552852
1985,6,96.82739124868893,302.81308829793295,258.3213589998123,71.02629202570377,2.8446019420361575,2.5355527010912837,16.405286840019695,750.7735720552852
1985,7,96.82739124868893,302.81308829793295,258.3213589998123,71.02629202570377,2.8446019420361575,2.5355527010912837,16.405286840019695,750.7735720552852
1985,8,96.82739124868893,302.81308829793295,258.3213589998123,71.02629202570377,2.8446019420361575,2.5355527010912837,16.405286840019695,750.7735720552852
1985,9,96.82739124868893,302.81308829793295,258.3213589998123,71.02629202570377,2.8446019420361575,2.5355527010912837,16.405286840019695,750.7735720552852
1986,3,534.8198746003155,267.7316760627957,477.25976415394433,265.87351344309934,42.64835150334149,3.431657048656833,15.075701684891643,1606.840538497045
1986,4,534.8198746003155,267.7316760627957,477.25976415394433,265.87351344309934,42.64835150334149,3.431657048656833,15.075701684891643,1606.840538497045
1986,5,534.8198746003155,267.7316760627957,477.25976415394433,265.87351344309934,42.64835150334149,3.431657048656833,15.075701684891643,1606.840538497045
1986,6,534.8198746003155,267.7316760627957,477.25976415394433,265.87351344309934,42.64835150334149,3.431657048656833,15.075701684891643,1606.840538497045
1986,7,534.8198746003155,267.7316760627957,477.25976415394433,265.87351344309934,42.64835150334149,3.431657048656833,15.075701684891643,1606.840538497045
1986,8,534.8198746003155,267.7316760627957,477.25976415394433,265.87351344309934,42.64835150334149,3.431657048656833,15.075701684891643,1606.840538497045
1986,9,534.8198746003155,267.7316760627957,477.25976415394433,265.87351344309934,42.64835150334149,3.431657048656833,15.075701684891643,1606.840538497045
1987,3,56.92398606759905,152.22647378735144,84.78352391139532,5.9336558266401305,2.1312667261015705,2.372809183105572,3.3701067602109585,307.741822262404
1987,4,56.92398606759905,152.22647378735144,84.78352391139532,5.9336558266401305,2.1312667261015705,2.372809183105572,3.3701067602109585,307.741822262404
1987,5,56.92398606759905,152.22647378735144,84.78352391139532,5.9336558266401305,2.1312667261015705,2.372809183105572,3.3701067602109585,307.741822262404
1987,6,56.92398606759905,152.22647378735144,84.78352391139532,5.9336558266401305,2.1312667261015705,2.372809183105572,3.3701067602109585,307.741822262404
1987,7,56.92398606759905,152.22647378735144,84.78352391139532,5.9336558266401305,2.1312667261015705,2.372809183105572,3.3701067602109585,307.741822262404
1987,8,56.92398606759905,152.22647378735144,84.78352391139532,5.9336558266401305,2.1312667261015705,2.372809183105572,3.3701067602109585,307.741822262404
1987,9,56.92398606759905,152.22647378735144,84.78352391139532,5.9336558266401305,2.1312667261015705,2.372809183105572,3.3701067602109585,307.741822262404
1988,3,53.753299835733394,132.76734258201824,98.26663583746958,22.634987454112927,2.6381800874816963,2.559475837206116,3.446629972498074,316.0665516065201
1988,4,53.753299835733394,132.76734258201824,98.26663583746958,22.634987454112927,2.6381800874816963,2.559475837206116,3.446629972498074,316.0665516065201
1988,5,53.753299835733394,132.76734258201824,98.26663583746958,22.634987454112927,2.6381800874816963,2.559475837206116,3.446629972498074,316.0665516065201
1988,6,53.753299835733394,132.76734258201824,98.26663583746958,22.634987454112927,2.6381800874816963,2.559475837206116,3.446629972498074,316.0665516065201
1988,7,53.753299835733394,132.76734258201824,98.26663583746958,22.634987454112927,2.6381800874816963,2.559475837206116,3.446629972498074,316.0665516065201
1988,8,53.753299835733394,132.76734258201824,98.26663583746958,22.634987454112927,2.6381800874816963,2.559475837206116,3.446629972498074,316.0665516065201
1988,9,53.753299835733394,132.76734258201824,98.26663583746958,22.634987454112927,2.6381800874816963,2.559475837206116,3.446629972498074,316.0665516065201
1989,3,194.80087524001294,350.1260636286904,249.92089445521262,89.83453388453685,4.324320421241911,2.895602478086172,30.04078310194483,921.9430732097259
1989,4,194.80087524001294,350.1260636286904,249.92089445521262,89.83453388453685,4.324320421241911,2.895602478086172,30.04078310194483,921.9430732097259
1989,5,194.80087524001294,350.1260636286904,249.92089445521262,89.83453388453685,4.324320421241911,2.895602478086172,30.04078310194483,921.9430732097259
1989,6,194.80087524001294,350.1260636286904,249.92089445521262,89.83453388453685,4.324320421241911,2.895602478086172,30.04078310194483,921.9430732097259
1989,7,194.80087524001294,350.1260636286904,249.92089445521262,89.83453388453685,4.324320421241911,2.895602478086172,30.04078310194483,921.9430732097259
1989,8,194.80087524001294,350.1260636286904,249.92089445521262,89.83453388453685,4.324320421241911,2.895602478086172,30.04078310194483,921.9430732097259
1989,9,194.80087524001294,350.1260636286904,249.92089445521262,89.83453388453685,4.324320421241911,2.895602478086172,30.04078310194483,921.9430732097259
1990,3,158.28878559203403,184.67530170805307,140.84560914783538,47.413594547335386,3.754731731428858,2.960476946435182,4.035178246847244,541.9736779199692
1990,4,158.28878559203403,184.67530170805307,140.84560914783538,47.413594547335386,3.754731731428858,2.960476946435182,4.035178246847244,541.9736779199692
1990,5,158.28878559203403,184.67530170805307,140.84560914783538,47.413594547335386,3.754731731428858,2.960476946435182,4.035178246847244,541.9736779199692
1990,6,158.28878559203403,184.67530170805307,140.84560914783538,47.413594547335386,3.754731731428858,2.960476946435182,4.035178246847244,541.9736779199692
1990,7,158.28878559203403,184.67530170805307,140.84560914783538,47.413594547335386,3.754731731428858,2.960476946435182,4.035178246847244,541.9736779199692
1990,8,158.28878559203403,184.67530170805307,140.84560914783538,47.413594547335386,3.754731731428858,2.960476946435182,4.035178246847244,541.9736779199692
1990,9,158.28878559203403,184.67530170805307,140.84560914783538,47.413594547335386,3.754731731428858,2.960476946435182,4.035178246847244,541.9736779199692
1991,3,63.6764541541351,87.29339555282671,180.52006402250495,245.60619994590118,24.875021826336727,3.2164502057993274,3.9859356590179127,609.173521366522
1991,4,63.6764541541351,87.29339555282671,180.52006402250495,245.60619994590118,24.875021826336727,3.2164502057993274,3.9859356590179127,609.173521366522
1991,5,63.6764541541351,87.29339555282671,180.52006402250495,245.60619994590118,24.875021826336727,3.2164502057993274,3.9859356590179127,609.173521366522
1991,6,63.6764541541351,87.29339555282671,180.52006402250495,245.60619994590118,24.875021826336727,3.2164502057993274,3.9859356590179127,609.173521366522
1991,7,63.6764541541351,87.29339555282671,180.52006402250495,245.60619994590118,24.875021826336727,3.2164502057993274,3.9859356590179127,609.173521366522
1991,8,63.6764541541351,87.29339555282671,180.52006402250495,245.60619994590118,24.875021826336727,3.2164502057993274,3.9859356590179127,609.173521366522
1991,9,63.6764541541351,87.29339555282671,180.52006402250495,245.60619994590118,24.875021826336727,3.2164502057993274,3.9859356590179127,609.173521366522
1992,3,118.51575608635385,189.12633420424618,151.85880835673404,9.614197267854653,24.432863573457364,3.2201029282627074,3.830167816152574,500.59823023306143
1992,4,118.51575608635385,189.12633420424618,151.85880835673404,9.614197267854653,24.432863573457364,3.2201029282627074,3.830167816152574,500.59823023306143
1992,5,118.51575608635385,189.12633420424618,151.85880835673404,9.614197267854653,24.432863573457364,3.2201029282627074,3.830167816152574,500.59823023306143
1992,6,118.51575608635385,189.12633420424618,151.85880835673404,9.614197267854653,24.432863573457364,3.2201029282627074,3.830167816152574,500.59823023306143
1992,7,118.51575608635385,189.12633420424618,151.85880835673404,9.614197267854653,24.432863573457364,3.2201029282627074,3.830167816152574,500.59823023306143
1992,8,118.51575608635385,189.12633420424618,151.85880835673404,9.614197267854653,24.432863573457364,3.2201029282627074,3.830167816152574,500.59823023306143
1992,9,118.51575608635385,189.12633420424618,151.85880835673404,9.614197267854653,24.432863573457364,3.2201029282627074,3.830167816152574,500.59823023306143
1993,3,264.3249968751416,318.5779149909013,663.4593054645403,425.1201939567871,126.98712602079169,13.47129047984673,4.079906567067433,1816.020734355076
1993,4,264.3249968751416,318.5779149909013,663.4593054645403,425.1201939567871,126.98712602079169,13.47129047984673,4.079906567067433,1816.020734355076
1993,5,264.3249968751416,318.5779149909013,663.4593054645403,425.1201939567871,126.98712602079169,13.47129047984673,4.079906567067433,1816.020734355076
1993,6,264.3249968751416,318.5779149909013,663.4593054645403,425.1201939567871,126.98712602079169,13.47129047984673,4.079906567067433,1816.020734355076
1993,7,264.3249968751416,318.5779149909013,663.4593054645403,425.1201939567871,126.98712602079169,13.47129047984673,4.079906567067433,1816.020734355076
1993,8,264.3249968751416,318.5779149909013,663.4593054645403,425.1201939567871,126.98712602079169,13.47129047984673,4.079906567067433,1816.020734355076
1993,9,264.3249968751416,318.5779149909013,663.4593054645403,425.1201939567871,126.98712602079169,13.47129047984673,4.079906567067433,1816.020734355076
1994,3,61.993549094550175,129.13530736065334,161.5717922474401,32.86742266019448,2.3820404098081043,2.3970853488710393,4.497701338345999,394.8448984598632
1994,4,61.993549094550175,129.13530736065334,161.5717922474401,32.86742266019448,2.3820404098081043,2.3970853488710393,4.497701338345999,394.8448984598632
1994,5,61.993549094550175,129.13530736065334,161.5717922474401,32.86742266019448,2.3820404098081043,2.3970853488710393,4.497701338345999,394.8448984598632
1994,6,61.993549094550175,129.13530736065334,161.5717922474401,32.86742266019448,2.3820404098081043,2.3970853488710393,4.497701338345999,394.8448984598632
1994,7,61.993549094550175,129.13530736065334,161.5717922474401,32.86742266019448,2.3820404098081043,2.3970853488710393,4.497701338345999,394.8448984598632
1994,8,61.993549094550175,129.13530736065334,161.5717922474401,32.86742266019448,2.3820404098081043,2.3970853488710393,4.497701338345999,394.8448984598632
1994,9,61.993549094550175,129.13530736065334,161.5717922474401,32.86742266019448,2.3820404098081043,2.3970853488710393,4.497701338345999,394.8448984598632
1995,3,451.86359700215615,389.0277262160571,499.5006231674615,570.6254684333469,439.42755287034686,180.8509239112693,31.502040894765813,2562.7979324954035
1995,4,451.86359700215615,389.0277262160571,499.5006231674615,570.6254684333469,439.42755287034686,180.8509239112693,31.502040894765813,2562.7979324954035
1995,5,451.86359700215615,389.0277262160571,499.5006231674615,570.6254684333469,439.42755287034686,180.8509239112693,31.502040894765813,2562.7979324954035
1995,6,451.86359700215615,389.0277262160571,499.5006231674615,570.6254684333469,439.42755287034686,180.8509239112693,31.502040894765813,2562.7979324954035
1995,7,451.86359700215615,389.0277262160571,499.5006231674615,570.6254684333469,439.42755287034686,180.8509239112693,31.502040894765813,2562.7979324954035
1995,8,451.86359700215615,389.0277262160571,499.5006231674615,570.6254684333469,439.42755287034686,180.8509239112693,31.502040894765813,2562.7979324954035
1995,9,451.86359700215615,389.0277262160571,499.5006231674615,570.6254684333469,439.42755287034686,180.8509239112693,31.502040894765813,2562.7979324954035
1996,3,252.72308263602696,330.05855792748076,647.3925232358306,253.24585421092715,45.13727754444339,3.716024408728711,3.854856542069265,1536.1281765055066
1996,4,252.72308263602696,330.05855792748076,647.3925232358306,253.24585421092715,45.13727754444339,3.716024408728711,3.854856542069265,1536.1281765055066
1996,5,252.72308263602696,330.05855792748076,647.3925232358306,253.24585421092715,45.13727754444339,3.716024408728711,3.854856542069265,1536.1281765055066
1996,6,252.72308263602696,330.05855792748076,647.3925232358306,253.24585421092715,45.13727754444339,3.716024408728711,3.854856542069265,1536.1281765055066
1996,7,252.72308263602696,330.05855792748076,647.3925232358306,253.24585421092715,45.13727754444339,3.716024408728711,3.854856542069265,1536.1281765055066
1996,8,252.72308263602696,330.05855792748076,647.3925232358306,253.24585421092715,45.13727754444339,3.716024408728711,3.854856542069265,1536.1281765055066
1996,9,252.72308263602696,330.05855792748076,647.3925232358306,253.24585421092715,45.13727754444339,3.716024408728711,3.854856542069265,1536.1281765055066
1997,3,204.712738386207,297.9856095702699,498.53689623416767,203.85496390642427,37.6519209320071,3.528983775275815,3.8969684375035847,1250.1680812418551
1997,4,204.712738386207,297.9856095702699,498.53689623416767,203.85496390642427,37.6519209320071,3.528983775275815,3.8969684375035847,1250.1680812418551
1997,5,204.712738386207,297.9856095702699,498.53689623416767,203.85496390642427,37.6519209320071,3.528983775275815,3.8969684375035847,1250.1680812418551
1997,6,204.712738386207,297.9856095702699,498.53689623416767,203.85496390642427,37.6519209320071,3.528983775275815,3.8969684375035847,1250.1680812418551
1997,7,204.712738386207,297.9856095702699,498.53689623416767,203.85496390642427,37.6519209320071,3.528983775275815,3.8969684375035847,1250.1680812418551
1997,8,204.712738386207,297.9856095702699,498.53689623416767,203.85496390642427,37.6519209320071,3.528983775275815,3.8969684375035847,1250.1680812418551
1997,9,204.712738386207,297.9856095702699,498.53689623416767,203.85496390642427,37.6519209320071,3.528983775275815,3.8969684375035847,1250.1680812418551
1998,3,227.63634741256988,263.3505121247867,376.5179768117557,654.397556555968,411.21114214115585,96.52089719862197,17.495757856296454,2047.1301901011548
1998,4,227.63634741256988,263.3505121247867,376.5179768117557,654.397556555968,411.21114214115585,96.52089719862197,17.495757856296454,2047.1301901011548
1998,5,227.63634741256988,263.3505121247867,376.5179768117557,654.397556555968,411.21114214115585,96.52089719862197,17.495757856296454,2047.1301901011548
1998,6,227.63634741256988,263.3505121247867,376.5179768117557,654.397556555968,411.21114214115585,96.52089719862197,17.495757856296454,2047.1301901011548
1998,7,227.63634741256988,263.3505121247867,376.5179768117557,654.397556555968,411.21114214115585,96.52089719862197,17.495757856296454,2047.1301901011548
1998,8,227.63634741256988,263.3505121247867,376.5179768117557,654.397556555968,411.21114214115585,96.52089719862197,17.495757856296454,2047.1301901011548
1998,9,227.63634741256988,263.3505121247867,376.5179768117557,654.397556555968,411.21114214115585,96.52089719862197,17.495757856296454,2047.1301901011548
1999,3,121.58393531567228,226.48818123328874,542.2075395641235,307.36484128695696,74.08978341939931,3.6739034476730232,3.914659944384263,1279.322844211498
1999,4,121.58393531567228,226.48818123328874,542.2075395641235,307.36484128695696,74.08978341939931,3.6739034476730232,3.914659944384263,1279.322844211498
1999,5,121.58393531567228,226.48818123328874,542.2075395641235,307.36484128695696,74.08978341939931,3.6739034476730232,3.914659944384263,1279.322844211498
1999,6,121.58393531567228,226.48818123328874,542.2075395641235,307.36484128695696,74.08978341939931,3.6739034476730232,3.914659944384263,1279.322844211498
1999,7,121.58393531567228,226.48818123328874,542.2075395641235,307.36484128695696,74.08978341939931,3.6739034476730232,3.914659944384263,1279.322844211498
1999,8,121.58393531567228,226.48818123328874,542.2075395641235,307.36484128695696,74.08978341939931,3.6739034476730232,3.914659944384263,1279.322844211498
1999,9,121.58393531567228,226.48818123328874,542.2075395641235,307.36484128695696,74.08978341939931,3.6739034476730232,3.914659944384263,1279.322844211498
2000,3,246.88918023051568,478.24757172292556,407.864745326367,131.73372149662407,7.101153027481258,2.831656416578884,8.406238871757314,1283.0742670922498
2000,4,246.88918023051568,478.24757172292556,407.864745326367,131.73372149662407,7.101153027481258,2.831656416578884,8.406238871757314,1283.0742670922498
2000,5,246.88918023051568,478.24757172292556,407.864745326367,131.73372149662407,7.101153027481258,2.831656416578884,8.406238871757314,1283.0742670922498
2000,6,246.88918023051568,478.24757172292556,407.864745326367,131.73372149662407,7.101153027481258,2.831656416578884,8.406238871757314,1283.0742670922498
2000,7,246.88918023051568,478.24757172292556,407.864745326367,131.73372149662407,7.101153027481258,2.831656416578884,8.406238871757314,1283.0742670922498
2000,8,246.88918023051568,478.24757172292556,407.864745326367,131.73372149662407,7.101153027481258,2.831656416578884,8.406238871757314,1283.0742670922498
2000,9,246.88918023051568,478.24757172292556,407.864745326367,131.73372149662407,7.101153027481258,2.831656416578884,8.406238871757314,1283.0742670922498
2001,3,97.72075694926555,191.78178194468842,353.0845595428626,17.03878468281356,2.907446075887813,2.4247983419253334,4.504306433118786,669.4624339705622
2001,4,97.72075694926555,191.78178194468842,353.0845595428626,17.03878468281356,2.907446075887813,2.4247983419253334,4.504306433118786,669.4624339705622
2001,5,97.72075694926555,191.78178194468842,353.0845595428626,17.03878468281356,2.907446075887813,2.4247983419253334,4.504306433118786,669.4624339705622
2001,6,97.72075694926555,191.78178194468842,353.0845595428626,17.03878468281356,2.907446075887813,2.4247983419253334,4.504306433118786,669.4624339705622
2001,7,97.72075694926555,191.78178194468842,353.0845595428626,17.03878468281356,2.907446075887813,2.4247983419253334,4.504306433118786,669.4624339705622
2001,8,97.72075694926555,191.78178194468842,353.0845595428626,17.03878468281356,2.907446075887813,2.4247983419253334,4.504306433118786,669.4624339705622
2001,9,97.72075694926555,191.78178194468842,353.0845595428626,17.03878468281356,2.907446075887813,2.4247983419253334,4.504306433118786,669.4624339705622
2002,3,109.70506366545324,232.97136868887517,351.73244814302996,162.8774665463276,5.253419591338081,2.632022509765684,3.465186806947427,868.6369759517371
2002,4,109.70506366545324,232.97136868887517,351.73244814302996,162.8774665463276,5.253419591338081,2.632022509765684,3.465186806947427,868.6369759517371
2002,5,109.70506366545324,232.97136868887517,351.73244814302996,162.8774665463276,5.253419591338081,2.632022509765684,3.465186806947427,868.6369759517371
2002,6,109.70506366545324,232.97136868887517,351.73244814302996,162.8774665463276,5.253419591338081,2.632022509765684,3.465186806947427,868.6369759517371
2002,7,109.70506366545324,232.97136868887517,351.73244814302996,162.8774665463276,5.253419591338081,2.632022509765684,3.465186806947427,868.6369759517371
2002,8,109.70506366545324,232.97136868887517,351.73244814302996,162.8774665463276,5.253419591338081,2.632022509765684,3.465186806947427,868.6369759517371
2002,9,109.70506366545324,232.97136868887517,351.73244814302996,162.8774665463276,5.253419591338081,2.632022509765684,3.465186806947427,868.6369759517371
2003,3,85.85301371345518,233.4924379531876,476.6763555141758,217.56417236682123,9.356661599800065,6.228300530386121,3.858248274051583,1033.0291899518777
2003,4,85.85301371345518,233.4924379531876,476.6763555141758,217.56417236682123,9.356661599800065,6.228300530386121,3.858248274051583,1033.0291899518777
2003,5,85.85301371345518,233.4924379531876,476.6763555141758,217.56417236682123,9.356661599800065,6.228300530386121,3.858248274051583,1033.0291899518777
2003,6,85.85301371345518,233.4924379531876,476.6763555141758,217.56417236682123,9.356661599800065,6.228300530386121,3.858248274051583,1033.0291899518777
2003,7,85.85301371345518,233.4924379531876,476.6763555141758,217.56417236682123,9.356661599800065,6.228300530386121,3.858248274051583,1033.0291899518777
2003,8,85.85301371345518,233.4924379531876,476.6763555141758,217.56417236682123,9.356661599800065,6.228300530386121,3.858248274051583,1033.0291899518777
2003,9,85.85301371345518,233.4924379531876,476.6763555141758,217.56417236682123,9.356661599800065,6.228300530386121,3.858248274051583,1033.0291899518777
2004,3,216.78200069151598,277.3096456097827,148.01562652408552,14.65590541846089,1.965455921008191,2.3292042253515306,3.494222144881761,664.5520605350865
2004,4,216.78200069151598,277.3096456097827,148.01562652408552,14.65590541846089,1.965455921008191,2.3292042253515306,3.494222144881761,664.5520605350865
2004,5,216.78200069151598,277.3096456097827,148.01562652408552,14.65590541846089,1.965455921008191,2.3292042253515306,3.494222144881761,664.5520605350865
2004,6,216.78200069151598,277.3096456097827,148.01562652408552,14.65590541846089,1.965455921008191,2.3292042253515306,3.494222144881761,664.5520605350865
2004,7,216.78200069151598,277.3096456097827,148.01562652408552,14.65590541846089,1.965455921008191,2.3292042253515306,3.494222144881761,664.5520605350865
2004,8,216.78200069151598,277.3096456097827,148.01562652408552,14.65590541846089,1.965455921008191,2.3292042253515306,3.494222144881761,664.5520605350865
2004,9,216.78200069151598,277.3096456097827,148.01562652408552,14.65590541846089,1.965455921008191,2.3292042253515306,3.494222144881761,664.5520605350865
2005,3,207.86796855866532,182.42741438746376,519.1561113259334,554.180129655482,259.78567323083047,28.7074254261217,5.633970736811477,1757.758693321308
2005,4,207.86796855866532,182.42741438746376,519.1561113259334,554.180129655482,259.78567323083047,28.7074254261217,5.633970736811477,1757.758693321308
2005,5,207.86796855866532,182.42741438746376,519.1561113259334,554.180129655482,259.78567323083047,28.7074254261217,5.633970736811477,1757.758693321308
2005,6,207.86796855866532,182.42741438746376,519.1561113259334,554.180129655482,259.78567323083047,28.7074254261217,5.633970736811477,1757.758693321308
2005,7,207.86796855866532,182.42741438746376,519.1561113259334,554.180129655482,259.78567323083047,28.7074254261217,5.633970736811477,1757.758693321308
2005,8,207.86796855866532,182.42741438746376,519.1561113259334,554.180129655482,259.78567323083047,28.7074254261217,5.633970736811477,1757.758693321308
2005,9,207.86796855866532,182.42741438746376,519.1561113259334,554.180129655482,259.78567323083047,28.7074254261217,5.633970736811477,1757.758693321308
2006,3,170.8262011743538,363.7379412732838,720.8133471994178,615.7673626939774,138.2936654137622,9.83101539752457,3.8245774943580217,2023.0941106466776
2006,4,170.8262011743538,363.7379412732838,720.8133471994178,615.7673626939774,138.2936654137622,9.83101539752457,3.8245774943580217,2023.0941106466776
2006,5,170.8262011743538,363.7379412732838,720.8133471994178,615.7673626939774,138.2936654137622,9.83101539752457,3.8245774943580217,2023.0941106466776
2006,6,170.8262011743538,363.7379412732838,720.8133471994178,615.7673626939774,138.2936654137622,9.83101539752457,3.8245774943580217,2023.0941106466776
2006,7,170.8262011743538,363.7379412732838,720.8133471994178,615.7673626939774,138.2936654137622,9.83101539752457,3.8245774943580217,2023.0941106466776
2006,8,170.8262011743538,363.7379412732838,720.8133471994178,615.7673626939774,138.2936654137622,9.83101539752457,3.8245774943580217,2023.0941106466776
2006,9,170.8262011743538,363.7379412732838,720.8133471994178,615.7673626939774,138.2936654137622,9.83101539752457,3.8245774943580217,2023.0941106466776
2007,3,120.51561373901215,156.3084164417012,168.77585030371245,9.97403520623227,2.1185298108909385,2.4000071546267985,4.124194311022203,464.216646967198
2007,4,120.51561373901215,156.3084164417012,168.77585030371245,9.97403520623227,2.1185298108909385,2.4000071546267985,4.124194311022203,464.216646967198
2007,5,120.51561373901215,156.3084164417012,168.77585030371245,9.97403520623227,2.1185298108909385,2.4000071546267985,4.124194311022203,464.216646967198
2007,6,120.51561373901215,156.3084164417012,168.77585030371245,9.97403520623227,2.1185298108909385,2.4000071546267985,4.124194311022203,464.216646967198
2007,7,120.51561373901215,156.3084164417012,168.77585030371245,9.97403520623227,2.1185298108909385,2.4000071546267985,4.124194311022203,464.216646967198
2007,8,120.51561373901215,156.3084164417012,168.77585030371245,9.97403520623227,2.1185298108909385,2.4000071546267985,4.124194311022203,464.216646967198
2007,9,120.51561373901215,156.3084164417012,168.77585030371245,9.97403520623227,2.1185298108909385,2.4000071546267985,4.124194311022203,464.216646967198
2008,3,83.28264504558408,128.95300239237878,242.5062234133439,65.5889234891968,3.2814440851506226,2.4097164142160925,3.351147583977454,529.3731024238476
2008,4,83.28264504558408,128.95300239237878,242.5062234133439,65.5889234891968,3.2814440851506226,2.4097164142160925,3.351147583977454,529.3731024238476
2008,5,83.28264504558408,128.95300239237878,242.5062234133439,65.5889234891968,3.2814440851506226,2.4097164142160925,3.351147583977454,529.3731024238476
2008,6,83.28264504558408,128.95300239237878,242.5062234133439,65.5889234891968,3.2814440851506226,2.4097164142160925,3.351147583977454,529.3731024238476
2008,7,83.28264504558408,128.95300239237878,242.5062234133439,65.5889234891968,3.2814440851506226,2.4097164142160925,3.351147583977454,529.3731024238476
2008,8,83.28264504558408,128.95300239237878,242.5062234133439,65.5889234891968,3.2814440851506226,2.4097164142160925,3.351147583977454,529.3731024238476
2008,9,83.28264504558408,128.95300239237878,242.5062234133439,65.5889234891968,3.2814440851506226,2.4097164142160925,3.351147583977454,529.3731024238476
2009,3,153.08346966078022,206.08344604524845,451.13471786030715,52.68491154463736,3.8225606220287407,2.7885046277752124,3.6092465023948943,873.2068568631719
2009,4,153.08346966078022,206.08344604524845,451.13471786030715,52.68491154463736,3.8225606220287407,2.7885046277752124,3.6092465023948943,873.2068568631719
2009,5,153.08346966078022,206.08344604524845,451.13471786030715,52.68491154463736,3.8225606220287407,2.7885046277752124,3.6092465023948943,873.2068568631719
2009,6,153.08346966078022,206.08344604524845,451.13471786030715,52.68491154463736,3.8225606220287407,2.7885046277752124,3.6092465023948943,873.2068568631719
2009,7,153.08346966078022,206.08344604524845,451.13471786030715,52.68491154463736,3.8225606220287407,2.7885046277752124,3.6092465023948943,873.2068568631719
2009,8,153.08346966078022,206.08344604524845,451.13471786030715,52.68491154463736,3.8225606220287407,2.7885046277752124,3.6092465023948943,873.2068568631719
2009,9,153.08346966078022,206.08344604524845,451.13471786030715,52.68491154463736,3.8225606220287407,2.7885046277752124,3.6092465023948943,873.2068568631719
2010,3,97.59819927517549,142.69726195185459,238.12873752605245,418.41913123503286,44.96101758030896,3.2983770895217175,3.691900845626977,948.794625503573
2010,4,97.59819927517549,142.69726195185459,238.12873752605245,418.41913123503286,44.96101758030896,3.2983770895217175,3.691900845626977,948.794625503573
2010,5,97.59819927517549,142.69726195185459,238.12873752605245,418.41913123503286,44.96101758030896,3.2983770895217175,3.691900845626977,948.794625503573
2010,6,97.59819927517549,142.69726195185459,238.12873752605245,418.41913123503286,44.96101758030896,3.2983770895217175,3.691900845626977,948.794625503573
2010,7,97.59819927517549,142.69726195185459,238.12873752605245,418.41913123503286,44.96101758030896,3.2983770895217175,3.691900845626977,948.794625503573
2010,8,97.59819927517549,142.69726195185459,238.12873752605245,418.41913123503286,44.96101758030896,3.2983770895217175,3.691900845626977,948.794625503573
2010,9,97.59819927517549,142.69726195185459,238.12873752605245,418.41913123503286,44.96101758030896,3.2983770895217175,3.691900845626977,948.794625503573
2011,3,244.91459880815626,248.8158658772929,396.0612463805125,688.2874531623637,375.3766928409455,99.95876973383504,9.091604860226589,2062.5062316633325
2011,4,244.91459880815626,248.8158658772929,396.0612463805125,688.2874531623637,375.3766928409455,99.95876973383504,9.091604860226589,2062.5062316633325
2011,5,244.91459880815626,248.8158658772929,396.0612463805125,688.2874531623637,375.3766928409455,99.95876973383504,9.091604860226589,2062.5062316633325
2011,6,244.91459880815626,248.8158658772929,396.0612463805125,688.2874531623637,375.3766928409455,99.95876973383504,9.091604860226589,2062.5062316633325
2011,7,244.91459880815626,248.8158658772929,396.0612463805125,688.2874531623637,375.3766928409455,99.95876973383504,9.091604860226589,2062.5062316633325
2011,8,244.91459880815626,248.8158658772929,396.0612463805125,688.2874531623637,375.3766928409455,99.95876973383504,9.091604860226589,2062.5062316633325
2011,9,244.91459880815626,248.8158658772929,396.0612463805125,688.2874531623637,375.3766928409455,99.95876973383504,9.091604860226589,2062.5062316633325
2012,3,47.010944267101294,202.45872815103138,189.78524060207252,11.299169837753194,2.3380501006922945,2.5853820474389204,3.472792393727541,458.9503073998172
2012,4,47.010944267101294,202.45872815103138,189.78524060207252,11.299169837753194,2.3380501006922945,2.5853820474389204,3.472792393727541,458.9503073998172
2012,5,47.010944267101294,202.45872815103138,189.78524060207252,11.299169837753194,2.3380501006922945,2.5853820474389204,3.472792393727541,458.9503073998172
2012,6,47.010944267101294,202.45872815103138,189.78524060207252,11.299169837753194,2.3380501006922945,2.5853820474389204,3.472792393727541,458.9503073998172
2012,7,47.010944267101294,202.45872815103138,189.78524060207252,11.299169837753194,2.3380501006922945,2.5853820474389204,3.472792393727541,458.9503073998172
2012,8,47.010944267101294,202.45872815103138,189.78524060207252,11.299169837753194,2.3380501006922945,2.5853820474389204,3.472792393727541,458.9503073998172
2012,9,47.010944267101294,202.45872815103138,189.78524060207252,11.299169837753194,2.3380501006922945,2.5853820474389204,3.472792393727541,458.9503073998172
2013,3,34.774946862452474,50.20571074209213,36.548306636707686,5.048447197019616,2.0296321006624547,2.327143079494049,4.543415625674415,135.47760224410283
2013,4,34.774946862452474,50.20571074209213,36.548306636707686,5.048447197019616,2.0296321006624547,2.327143079494049,4.543415625674415,135.47760224410283
2013,5,34.774946862452474,50.20571074209213,36.548306636707686,5.048447197019616,2.0296321006624547,2.327143079494049,4.543415625674415,135.47760224410283
2013,6,34.774946862452474,50.20571074209213,36.548306636707686,5.048447197019616,2.0296321006624547,2.327143079494049,4.543415625674415,135.47760224410283
2013,7,34.774946862452474,50.20571074209213,36.548306636707686,5.048447197019616,2.0296321006624547,2.327143079494049,4.543415625674415,135.47760224410283
2013,8,34.774946862452474,50.20571074209213,36.548306636707686,5.048447197019616,2.0296321006624547,2.327143079494049,4.543415625674415,135.47760224410283
2013,9,34.774946862452474,50.20571074209213,36.548306636707686,5.048447197019616,2.0296321006624547,2.327143079494049,4.543415625674415,135.47760224410283
